exercise,n,avg_ms,runs,note
ex04-best,1,1.000000,1,
ex04-best,10,1.000000,1,
ex04-best,100,1.000000,1,
ex04-best,1000,1.000000,1,
ex04-best,10000,1.000000,1,
ex04-best,100000,1.000000,1,
